Lower,Upper,Count,Average_Confidence,Observed_Accuracy
0.1,0.2,1,0.1825234442949295,0.0
0.2,0.30000000000000004,9,0.2741648852825165,0.3333333333333333
0.30000000000000004,0.4,93,0.3609074354171753,0.2903225806451613
0.4,0.5,314,0.45923322439193726,0.410828025477707
0.5,0.6000000000000001,644,0.5503612756729126,0.5714285714285714
0.6000000000000001,0.7000000000000001,649,0.6518058180809021,0.6409861325115562
0.7000000000000001,0.8,680,0.7509455680847168,0.736764705882353
0.8,0.9,875,0.8533608913421631,0.8708571428571429
0.9,1.0,6735,0.9860830903053284,0.9806978470675576
