Class_ID,Class_Name,Image_Count,Mean_Pixel_Value,Pixel_Std
0,T-shirt/top,6000,83.02998044217686,89.43848028161399
1,Trouser,6000,56.84085522959184,87.60026328776992
2,Pullover,6000,96.058762542517,91.463466369116
3,Dress,6000,66.01890858843538,90.32600060468408
4,Coat,6000,98.25800552721088,95.95952360444912
5,Sandal,6000,34.86754655612245,67.09256263215387
6,Shirt,6000,84.60511989795918,86.51605067391723
7,Sneaker,6000,42.76207227891157,75.17057254477353
8,Bag,6000,90.15715284863946,93.1441500812113
9,Ankle boot,6000,76.80511840986395,94.4858832774788
