Class_ID,Class_Name,Total,Correct,Errors,Accuracy,Error_Rate,Average_Confidence,Wrong_Prediction_Confidence
0,T-shirt/top,1000,884,116,0.884,0.116,0.9092859029769897,0.6903806328773499
1,Trouser,1000,982,18,0.982,0.018,0.9926232099533081,0.7028461694717407
2,Pullover,1000,910,90,0.91,0.09,0.9221755266189575,0.7416888475418091
3,Dress,1000,932,68,0.932,0.068,0.9445329308509827,0.684791624546051
4,Coat,1000,924,76,0.924,0.076,0.9395496845245361,0.7205652594566345
5,Sandal,1000,990,10,0.99,0.01,0.9961874485015869,0.884427547454834
6,Shirt,1000,783,217,0.783,0.217,0.867910623550415,0.7470369935035706
7,Sneaker,1000,980,20,0.98,0.02,0.9861765503883362,0.8013178110122681
8,Bag,1000,987,13,0.987,0.013,0.9927010536193848,0.7140368819236755
9,Ankle boot,1000,962,38,0.962,0.038,0.9841293692588806,0.8368455767631531
