True_Class,Predicted_Class,Count
T-shirt/top,Shirt,83
Shirt,T-shirt/top,83
Shirt,Coat,61
Shirt,Pullover,41
Coat,Shirt,38
Pullover,Shirt,35
Ankle boot,Sneaker,34
Pullover,Coat,34
Shirt,Dress,28
Dress,Shirt,26
Dress,Coat,23
Coat,Pullover,19
Coat,Dress,19
T-shirt/top,Pullover,15
T-shirt/top,Dress,15
Sneaker,Ankle boot,14
Pullover,T-shirt/top,13
Dress,Pullover,10
Trouser,Dress,10
Sandal,Sneaker,8
Dress,T-shirt/top,7
Pullover,Dress,6
Sneaker,Sandal,6
Bag,Dress,4
Shirt,Bag,4
Ankle boot,Sandal,3
Trouser,Shirt,3
Trouser,Coat,2
Bag,Sneaker,2
Bag,Coat,2
Sandal,Ankle boot,2
Dress,Trouser,2
T-shirt/top,Bag,2
Bag,Pullover,2
Trouser,T-shirt/top,1
T-shirt/top,Coat,1
Trouser,Bag,1
Trouser,Pullover,1
Pullover,Trouser,1
Pullover,Bag,1
Bag,T-shirt/top,1
Bag,Sandal,1
Bag,Shirt,1
Ankle boot,Pullover,1
